Task,Description
Organize workspace,Arrange all documents and tools neatly for better productivity.
Review project plan,Go through the project milestones and adjust deadlines if necessary.
Respond to emails,Check the inbox and reply to all pending messages.
Prepare presentation,Create slides for the upcoming team meeting.
Team meeting,Discuss weekly goals and address any blockers.
Update software,Ensure all applications are updated to the latest versions.
Backup files,Copy all important documents to cloud storage for safety.
Research competitors,Analyze what other companies are doing in the same market.
Write blog post,Draft a new article for the company blog.
Plan social media content,Schedule posts for the next week across all platforms.
